Cluster,Min,Mean,Max
0,30,429.75245098039215,739
1,44,268.16439339554915,738
2,1,39.438322368421055,158
3,1,30.22532588454376,372
