Cluster,Min,Mean,Max
0,1,1.2401960784313726,4
1,1,4.557071069633884,41
2,1,2.325657894736842,7
3,2,15.762880198634388,373
