Cluster,Min,Mean,Max
0,2.95,297.65507352941177,2300.4
1,167.42,1698.028521177315,77352.96
2,30.0,644.8482154605264,4366.78
3,485.69,8338.48896958411,580987.04
