Cluster,Recency,Frequency,Monetary
0,1.0,0.0,0.0
1,0.5955517224366749,0.2283926968147913,0.17415773858169215
2,0.023059752154918275,0.0747425067791322,0.04317874817703519
3,0.0,1.0,1.0
